社会	社会热点	社会热点,新闻,時政,老梁观世界,国际新闻,news,1818黄金眼,国际热点,道德星空,訪談,特朗普,川普,yitiaotv,報道,ニュース,News,trump,NHK,國際新聞,海峡两岸,国际热点
社会	真实案件	真实案件,天网恢恢,探案,警法目录BTV,现场说法BTV,法治进行时BTV,法治北京BTV,社会与法,CCTV社会与法,CCTV法制,法律講堂,CCTV社會與法,CCTV12,案件
社会	奇闻怪事	奇闻怪事,靈異事件,灵异事件,鬼,都市传说,都市伝説,身心靈,奇闻,都市傳說,灵异,悬案,詭異,きまぐれクック,怪談,侦探,怖い話,未解之謎
社会	正能量	正能量,励志故事,人生励志,抖音正能量,中文正能量,社会正能量,社會正能量
社会	人物	人物,一条视频,一條視頻,好人故事,杨澜访谈录,yitiao,感动中国,感人故事,yitiaotv
社会	社会实验	社会实验,大树君,social experiment,社會實驗,中国街头测试,大樹君
社会	时评	时评,時政,时事,時事,老梁,特朗普,點評,中国经济,时政,雑談
社会	交通事故	交通事故,车祸,車禍,交通事故,中国交通事故,交通事故合集,交通意外,香港交通事故,大陆交通事故
社会	灾害	灾害,地震,台風,海啸,台风,龙卷风
影视	短片	短片,短片电影,short film,animated short films,微电影,animated shorts,科幻短片,情景剧,微電影
影视	剪辑片段	剪辑片段,电影剪辑,剪辑,电视剪辑,ムービー,電影剪輯
影视	预告片	预告片,trailer,Trailer,預告,預告片,电影预告,预告
影视	幕后花絮	幕后花絮,audition,幕後花絮,behind the scenes,vfx,电视剧 幕后采访,电影幕后故事,电影幕后,幕后君
影视	影评	影评,影评杂谈,影評,電a評論,电影讲评,电影评论,电影分析,尬聊电影,影視推薦,电影推荐,影評雜談,影视推荐
影视	影视解说	影视解说,电影解说,电影解读,三分钟看电影,說電影,宇哥,谷阿莫,几分钟看电影,十分钟看电影,電影解説,深入电影,电影吐槽,電影推薦,刘老师说电影,哇萨比抓马,解說電影,说電影,分分钟看电影,电影盘点,驚悚片,牛叔说电影,电视剧解说,三分鐘睇電影,越哥说电影,五分钟看完电影,幾分鐘看電影,猎影派,电影讲解,小片片说大片,说电影,几分钟说电影,五分钟看电影,解说电影,小涛讲电影,深度電影,几分钟看完电影,幾分鐘電影,宇哥讲电影,超粒方,数根朽木,短片說電影,短片说电影,宇哥講電影,電影解說,讲电影,講電影
影视	影视混剪	影视混剪,百万剪辑师挑战
影视	影视资讯	影视资讯,最新电影,电影票房,电影信息,票房,最新电视剧资讯
影视	大陆电视剧	大陆电视剧,中国电视剧,武媚娘传奇,大陆电视剧,陳情令,守卫者浮出水面Noah,浪花一朵朵Noah,我的前半生Noah,青云志Noah,河山Noah,莫斯科行动Noah,你好乔安Noah,法医秦明Noah,金牌投资人Noah,好久不见Noah,知否知否应是绿肥红瘦Noah,热爱Noah,我站在桥上看风景Noah,爱情进化论Noah,大陆剧,网剧,延禧攻略,chinese drama,TV drama program,我在北京等你Noah,連續劇,谍战,马跃,Ma Yue
影视	大陆电影	"大陆电影,国产电影,中国电影,中文电影,中國電影,Chinese
  Movie,网络电影,网络电影,网络大电影,华语电影"
影视	美剧	美剧,美剧,netflix,TV Series,TV series,Netflix
影视	科幻片	科幻片,科幻电影,spiderman,奇幻片,Avengers,復仇者聯盟,蝙蝠俠,奇幻电影,漫威,科幻,超人,复仇者联盟,超级英雄
影视	武侠剧	武侠剧,金庸,古装剧,武侠,古龙,神雕侠侣,小龙女
影视	偶像剧	偶像剧,連續劇,偶像剧,肥皂剧,都市言情剧,偶像剧
综艺	内地综艺	"内地综艺,第三调解室BTV,妻子的浪漫旅行
  谢娜,妻子的浪漫旅行 张晋,妻子的浪漫旅行 蔡少芬,徐阳,记忆BTV,蔡少芬 张晋,青春有你,大城小事BTV,奔跑吧兄弟第八季,中国新说唱,奔跑吧4,奔跑吧2020,偶像练习生,青春环游记 周深,青春环游记 贾玲,青春环游记 杨迪,明日之后,欢乐喜剧人,光荣绽放BTV,跨界歌王BTV,东方卫视综艺,中歌会BTV,档案BTV,我家有明星BTV,最美和声BTV,綜藝,乘风破浪的姐姐,暖暖的新家BTV,跨界喜剧王BTV,上新了故宫BTV,袁弘张歆艺,青春环游记 范丞丞,乘风破浪的姐姐整片,笑动剧场BTV,说唱听我的完整版,密室大逃脱2 大张伟,生活广角BTV,星光大道,火箭少女,好聲音,毕金仪,宋雨琦,创造营2020,杜海涛,he jiong,彭昱畅,选秀,说唱听我的,中国达人秀,黄旭熙,密室大逃脱S2,沙溢
,青春环游记第二季预告,青春环游记预告,中国新歌声,密逃第二季,说唱听我的 光光,最爱是中华,非常欢乐,唱出爱火花
,贵州卫视,一站到底,杨迪,快乐大本营,郎朗吉娜,遇见天坛BTV,乘风破浪的姐姐完整版,SMG Shanghai TV Official Channel,奔跑吧,北京客BTV,密室大逃脱2 完整版,中国好声音,中国有嘻哈,中國新說唱,青春环游记,SMG上海电视台官方频道,shuochangtingwode,青春环游记2,爸爸去哪儿,青春环游记第二季,青春环游记花絮,密室大逃脱2
  FULL,妻子的浪漫旅行,Miss排位日记,奇葩说,Miss开心直播,中國好聲音,密室大逃脱2花絮,中國有嘻哈,密逃2,创造101,妻子的浪漫旅行4,青春环游记范丞丞,极限挑战,沙溢 胡可"
综艺	港台综艺	港台综艺,翡翠台 ,吳宗憲,锵锵三人行,小S,蔡康永
综艺	韩国综艺	韩国综艺,inkigayo,아이돌,running man,runningman,韩国综艺
综艺	日本综艺	日本综艺,オールナイトニッポン,吉本興業,相葉雅紀,バナナマン,ロンドンハーツ
综艺	欧美综艺	"欧美综艺,Simon Cowell,America's
  Got Talent 2020,simon cowell,AGT Best
  Auditions,America's Got
  Talent Best,the voice,america's got talent,snl"
综艺	真人秀	"真人秀,妻子的浪漫旅行
  谢娜,妻子的浪漫旅行 张晋,妻子的浪漫旅行 蔡少芬,蔡少芬 张晋,乘风破浪 公演,running man,密室大逃脱2,袁弘张歆艺,向前一步BTV"
综艺	脱口秀	"脱口秀,comedy,吐槽大会,comic,Gaming
Talk Shows,talk show,Talk Show"
综艺	杂技	杂技,柔术,口技,高醫節奏口技社,舞狮,舞狮表演
综艺	魔术	魔术,魔術教學,magic,Magic,魔術,魔术揭秘,魔术表演
综艺	相声	相声,德云社,德云社2020,郭德纲,郭麒麟,漫才,小岳岳,张云雷,郭德纲于谦,comedian,张鹤伦,方清平,Fang Qingping,孟鹤堂,岳云鹏,于谦,相聲
综艺	小品	小品,skit,comedian,宋小宝,白凯南,Bai Kainan,心靈小品
综艺	广播	广播,電台,广播剧,文艺广播,鬼故事朗读,海盗电台,午夜伤心电台
娱乐	内地娱乐	内地娱乐,ICE,李晨,杨超越,周杰,肖战,娛樂百分百,金莎,王一博,蔡徐坤,范冰冰,王源,朱一龙,TFBOYS,杨紫,刘芸,每日文娱播报BTV,张艺兴,张含韵,李斯丹妮,易烊千玺,金晨,杨幂,郁可唯,贾玲,吴宣仪,李维嘉,任嘉伦,赵丽颖,博君一肖,霍尊,袁弘 张歆艺,郎朗 吉娜,tfboys,鹿晗,杨洋,华晨宇,林俊杰,綜藝大熱門,秦昊,万茜,李健,张绍刚,沈梦辰,丁当,胡彦斌,郎朗吉娜,李宇春,蔡国庆,范丞丞,Angelababy,全景对话,張藝興,偶像,王智,黄子韬,王丽坤,胡歌,朱婧汐,宁静,那英,王俊凯,楊冪,迪丽热巴,郑恺,王霏霏,张雨绮,关晓彤,黄晓明,王琳凯,虞书欣,李荣浩,肖战,郎朗,邓伦,黄磊,沙溢 胡可,黄明昊,小鬼王琳凯,大张伟,吴亦凡
娱乐	港台娱乐	港台娱乐,周杰伦,蔡少芬 张晋,劉德華,容祖兒,娛樂新聞,王菲,Jay,张学友,费玉清,阿信,完全娛樂,費玉清,蔡依林,钟丽缇,萧敬腾,王力宏,张韶涵,盧廣仲,GEM,张国荣,谢霆锋,周子瑜,周星驰,蘇打綠,楊宗緯,王嘉爾,楊丞琳,楊丞琳,羅志祥,伊能静,林宥嘉,王嘉尔,哈林,林志颖
娱乐	东南亚娱乐	东南亚娱乐,Lisa,LISA,泰国电影
娱乐	韩国娱乐	韩国娱乐,多賢,bts,志效,定延,TWICE,kbs,EXO,BTS,韩星,exo,kbs world,kbskpop,kbsworld,twice,blackpink,트와이스,직캠,lisa,ITZY,防彈少年團,방탄소년단,커버댄스,Kpop,k-pop,彩瑛,Tzuyu,王嘉爾,娜璉
娱乐	日本娱乐	日本娱乐,乃木坂46,AKB48,木村拓哉,白石麻衣,芸能人,藝人,生田絵梨花,中村悠一,福山雅治,櫻井翔,大野智,阿部力,松本人志,二宮和也,嵐,NMB48,杉田智和,乃木坂,松本润,菅田将晖,花泽香菜,ジャニーズ,ヒカル
娱乐	欧美娱乐	"欧美娱乐,etonline,et online,Entertainment Tonight,celebrity,Heidi
  Klum,Howie Mandel,entretenimiento,Sofia Vergara,奥斯卡,variety"
娱乐	选秀	选秀,직캠,创造101,火箭少女  ,创造营2020,朱正廷,孟美岐,黃明昊
娱乐	红毯	红毯,礼服,red carpet,grammys red carpet,grammy red carpet,Red Carpet
娱乐	娱乐产业	娱乐产业,蜜淘影业,新片场影业,迪士尼公主,好莱坞,迪士尼乐园
娱乐	网络红人	网络红人,マホト,娱乐主播,李佳琦,薇娅,薇娅直播
搞笑	搞笑日常	"搞笑日常,小玉,爆笑,滴妹,funny videos,
ものまね
,孫生,笑える,jokes,funny moments,搞笑視頻,モノマネ,抖音搞笑,搞笑视频"
搞笑	街访	街访,street interview,街訪,街頭訪問,趣问街访,神街访,蒲街访,颜值街访,财经街访
搞笑	鬼畜	鬼畜,鬼畜调教,娱乐鬼畜,鬼畜素材,鬼畜全明星,bl鬼畜
搞笑	段子	段子,胥渡吧,搞笑段子,笑话,笑話,淮秀帮
搞笑	搞笑短片	"搞笑短片,お笑い
,comedic,hilarious,funny vines,搞笑变声,try not to laugh,陈翔六点半,搞笑片,搞笑影片"
搞笑	恶搞	恶搞,搞怪,funny pranks,prank,恶整,整人,惡作劇,best pranks,惡整,整蛊,kuso,hacks,pranks,lifehacks,trucos,恶作剧,黃氏兄弟,Prank,beauty hacks,整蛊,wackyboys,PRANK,tricks,面白,狠愛演,parody
二次元	国漫	国漫,国产动画,国产动漫,一人之下,刺客伍六七,国创,斗罗大陆同款动漫
二次元	日漫	日漫,マンガ,宮崎駿,遊戲王,变形金刚,ドラえもん,高達,炭治郎,manga,鬼滅の刃,皮卡丘,甘露寺蜜璃,富江,進撃の巨人,面白動画,路飞,七龍珠,娜美,新筆小新,禰豆子,假面骑士,鬼滅,精靈寶可夢,火影,戰鬥陀螺,鬼灭之刃,日本動畫,gundam,工藤新一,海贼王,餓狼,おそ松さん,日本动画,柯南,新番,毛利小五郎,魯夫,埼玉,きめつのやいば,一拳超人,進擊的巨人,四皇,千本桜,ポケットモンスター,名侦探柯南,神奇宝贝,名探偵コナン,霊夢,海賊王,日本動漫
二次元	美漫	美漫,MARVEL,瑞克和莫蒂,爱死亡和机械人,rwby,小马宝莉,飞哥与小佛
二次元	番剧	番剧,PV,Anime,动漫杂谈,火影忍者,Animation,灌籃高手,航海王,鬼滅之刃,JOJO,胡蝶しのぶ,蜡笔小新,jojo,きめつのやいば,伊之助
二次元	动漫教学	动漫教学,原画,头像手绘
二次元	cosplay	"cosplay,Cosplay,動漫展,漫展视频,2020動漫展,漫展,Cosplayer,Cosplay
  (Hobby),CosplaySlayer,deadpool
  cosplay,disney
  cosplay,anime
  cosplay,cosplay
  dance"
二次元	ASMR	ASMR,asmr no talking,mukbang asmr,asmr mukbang,asmr 먹방,먹방 asmr,asmr food,asmr eating,asmr,cooking sound,咀嚼音
二次元	MMD	MMD,東方MMD,レミリア,mmd,MMD動画,舞蹈MMD,艦これMMD,東方MMD動画,ｍｍｄ東方,MMDおそ松さん,紙芝居MMD,MMDダンス,紙芝居 MMD,第五人格MMD,第五人格ＭＭＤ
二次元	Q版	"Q版,Q版回力車,Q版人物,Q版,chibi,how to
  draw chibi,chibi
  art,ちびっこ"
二次元	OP	OP曲,東方アレンジ,粤语OP,动画主题曲,片头曲
二次元	ED	ED曲
二次元	汉服	汉服,中国华服日,汉服摄影,平价汉服,汉服配饰,汉服发饰,汉服头饰,汉服发型,汉服发型教程,汉服日常,汉服相关
二次元	洛丽塔	"洛丽塔,LOLITAFASHION,Lolita,lolita
  fashion,Lolita
  Fashion,LOLITA手作,LOLITA"
二次元	JK制服	JK制服,jk制服,制服のマネキン,水手服,セーラー服,学生服
二次元	女仆装	女仆装,はじめしゃちょー,私房写真,黑丝,短裙,高跟,紧身裤,丝袜美腿,东方美女,惹火身材,情趣内衣
二次元	宅舞	宅舞,MikuMikuDance,宅舞翻跳,宅舞快闪,宅舞 英文,BDF2020宅舞接力,コスプレ踊ってみた,コスプレで踊ってみた,おそ松さん踊ってみた,#踊ってみた
二次元	手办	手办,手作,GUNDAM,手办测评,手办模型,手办制作,手办星球
二次元	娃娃bjd	"bjd娃娃,bjd化妆,bjd开箱,bjd娃衣,bjd,BJD,baby doll,Like a
  Doll,barbie
  doll,handmade
  doll"
二次元	动漫解说	动漫解说,動漫雜談,文老爹,動漫解說,動漫推薦,我就是NG
二次元	特摄	特摄,奥特曼,ウルトラマン,特摄片,特摄（Tokusatsu/特撮）捷德奥特曼,罗布奥特曼
二次元	声优	声优,神谷浩史,梶裕貴,声優,声優 ラジオ,人気声優,声優グランプリ,声優まとめ
二次元	同人	同人,南征的音声,同人音声,不只是聊动漫,少年漫画,小紫漫画,漫漫声工坊
二次元	虚拟主播	虚拟主播,Vtuber,GUMI,Hatsune Miku,初音ミク,VOCALOID,鏡音リン,vtuber,初音,VTuber
二次元	洛天依	洛天依
二次元	搞笑动画	搞笑动画
游戏	游戏集锦	游戏集锦,checkpoints,搞笑吃雞,撩妹吃雞,陪玩吃鸡,枪战游戏,變聲撩妹,恐怖游戏,鬥陣特攻,生存遊戲
游戏	游戏实况	游戏实况,遊戲實況,游戏实况,实况解说,ゲーム実況,ゆっくり実況プレイ,陪玩,坏蛋杰瑞,游戏直播,HiChocolate,老皮
游戏	游戏资讯	游戏资讯,恐怖遊戲,動物森友會,Esports,游戏资讯,Garena,小游戏,試玩
游戏	游戏解说	"游戏解说,阿舜,九天狐,遊戲大聯盟,教主解说,难言,搞笑解说,大仙不闹,大仙荣耀
,撩妹吃鸡,起小点,生存游戏,真人版兔美美,遊戲解說,張嘉航,吃雞教學,pubg mobile india,狗华解说,狗华,牧童撩妹,英雄联盟解说,xiaoy解说,不求人灵敏度,不求人国际服,大山解说,柔柔,小抠脚,旬猫,亞洲統神,桥林解说,INFI,pewdiepie,阿阳解说,艺帝帝,局长五分钟,小战解说,miss解说,爆哥,丁特"
游戏	主机游戏	"主机游戏,魔兽争霸,minecraft,任天堂,迷你世界故事,Minecraft,我的世界,妖怪ウォッチ,マリオ,當個創世神,Dota情书,switch,实况攻略,主机游戏,APEX,迷你世界更新,迷你世界动画,迷你世界历险记,迷你世界搞笑,流亡黯道,迷你世界搞笑故,pubg funny moments,沙盒游戏,マイクラ,マインクラフト,迷你世界生存,口袋妖怪,arms,PlayStation 4,arena of valor,League of Legends,迷你世界创造,minecraft
  mods,あつ森,Switch,CS,PUBG,Rift,overwatch,迷你世界"
游戏	手游	手游,傳說對決,和平精英,王者榮耀,吃鸡,绝地求生,刺激战场,PUBG,クレーンゲーム,极速领域,狗华迷你世界,王者荣耀,pubg,神魔之塔,手遊,第五人格,王者荣耀最强攻略,迷你世界教学,王者荣耀呂布,荒野行動,王者荣耀歌曲,王者荣耀水一,九天狐,英雄联盟,王者荣耀李白,有痕最強王者,最强王者,LoL,射击游戏,LOL,MINECRAFT,无敌战神,雲頂之弈,王者荣耀阿骨朵,技术主播,王者荣耀kpl,王者荣耀百里守約,王者荣耀木头,王者荣耀公孙离,王者荣耀張大仙,王者荣耀關羽,王者榮耀露娜,王者荣耀貂蟬,王者荣耀動畫,手游吃鸡,KingOfGlory,王者荣耀后羿,王者荣耀孙悟空,上官婉儿,落地成盒,王者荣耀花木蘭,王者荣耀韓信,王者荣耀諸葛亮,HonorOfKings,Arena of Valor,吃鸡挑战,和平精英教学,紅石口袋,明日方舟,吃鸡手游,fortnite,pubg mobile,AWM,搞笑吃鸡,和平精英灵敏度,排位,楓之谷,传说对决,斗罗大陆,吃鸡老湿,王者荣耀搞笑視頻,空投箱,和平精英三指教学,pubg mobile 教學,吃鸡搞笑,吃鸡技巧,98k,和平精英躲猫猫,PUBG MOBILE,mobile game,吃雞,绝地求生大逃杀,PUBG,pubg,PUBG Mobile,pubg funny moments,木筏求生,KOF,和平精英海岛2.0,手機遊戲,PUBGM,聯盟戰棋,和平精英上分技巧,無課金,東方Project,Gato,モンスト,魔理沙,东方Project,pubg mobile gameplay,绝地求生真人版,fps,和平精英趣事,和平精英故事,honor of kings,和平精英歌曲,王者荣耀新英雄,陰陽師,天堂M,和平精英挑战,体验服,三级头,王者,和平精英高燃,和平精英听声辩位,和平精英四指教学,国服,best sensitivity for pubg mobile,和平精英踩点,FGO,pubg mobile s13,三国志,和平精英五指教学,外掛,赵云,pubgmobile,阴阳师,和平精英皮肤,打野,吃鸡攻略,MOBA,吃鸡游戏,沙盒,五杀风暴,王者荣耀凯,王者荣耀小更新,王者荣耀世冠赛,王者荣耀新英雄 王者荣耀搞笑視頻,王者荣耀 五虎将,王者荣耀吕布,和平精英技巧,五虎将皮肤,王者荣耀 KingOfGlory,aov gameplay,王者荣耀李信,lol,Penta Storm
游戏	桌游	桌游,桌遊,狼人殺,桌游棋牌,桌游怪,大富翁,飞行棋
游戏	电竞	电竞,英雄聯盟LPL,电子竞技,LoL,KPL,LOL,FMVP曜,TH000,王者荣耀kpl,league of legends,電競,LPL夏季賽,WCA魔兽争霸,伍声2009,ig,蛋塔秀,IG,LEC,EDM,星海,游戏赛事,プロゲーマー,韦神,Faker,WCG魔兽争霸,李晓峰,LPL,Summer Split,S10,LPL春季賽,和平精英比赛,UZI,League_of_Legends,穿越火线,kpl,RNG,和平精英职业赛,LCS,FPX,NB3,09DOTA,伍声DOTA,電子競技,英雄聯盟,国服第一,EDG,皇冠比賽,国际服,夏季賽,SKT
游戏	卡牌游戏	卡牌游戏,SSR,炉石,卡牌,狼人殺,神引き
游戏	游戏点评	游戏点评,芒果冰ol
舞蹈	中国风	中国风,中国风舞蹈,Chinese dance,the best of Chinese dance,古风舞
舞蹈	街舞	街舞,cover dance,hip hop dance,FitDance,et tonight,kpop dance cover,Dance Cover
舞蹈	广场舞	广场舞,廣場舞,广场舞学习,最新广场舞,广场舞视频,糖豆广场舞
舞蹈	古典舞	古典舞,中国古典舞,Chinese classical dance,芒种 舞蹈
舞蹈	民族舞	民族舞,民族舞踊,中国舞,獅子舞,传统舞蹈,舞狮表演
舞蹈	现代舞	现代舞,choreography,明星舞蹈,dance choreography,dance tutorial,urban dance,댄스학원
舞蹈	芭蕾舞	芭蕾舞,芭蕾,美丽芭蕾,芭蕾舞者,ballet,Ballet Dancer (Profession)
舞蹈	爵士舞	爵士舞,jazz dance,ジャズダンス,jazz,JAZZ,jazz funk,pop jazz,jazz dance
舞蹈	拉丁舞	拉丁舞,latin dance,rumba,SAMBA,恰恰舞
舞蹈	鬼步舞	鬼步舞,鬼步舞教學,鬼步,Ghost Step Dance
舞蹈	手势舞	手势舞
舞蹈	跳舞机	跳舞机
MV	MV	MV,music video,Music Video,Sony BMG Music Entertainment,音乐mv,動態歌詞版MV,MV大首播,official mv,ITZY ICY MV,ICY MV,Official MV,韓國MV,MV花絮
音乐	OST	OST,影视原声,国语畅销原声精选,片头曲,东宫 OST,Goodbye my princess OST
音乐	翻唱	翻唱,COVER,cover,目前為止最好聽版本,彈唱,sing-along songs,自彈自唱,歌ってみた,アカペラ
音乐	演唱会LIVE	演唱会LIVE,コンサート,LIVE,演唱會,Concert,演唱会,音乐现场,音乐节现场,世界巡回演唱会,周杰伦演唱会,五月天演唱会,韩宝仪演唱会
音乐	原创音乐	原创音乐,シンガーソングライター,原创歌曲,オリジナル曲,原创曲,这就是原创 单曲
音乐	古典	古典,小提琴,中國古典音樂,阿云嘎,古典音樂,古典音乐,古典音乐,薩克斯風,saxophone
音乐	民乐	民乐,琵琶,笛子,古箏,二胡,古筝,古琴
音乐	嘻哈	嘻哈,rap,eminem,hiphop,ヒップホップ,hiphop嘻哈,drake,饒舌,Hip Hop,RAP,派克特,说唱听我的 法老,rapper,HIPHOP,hiphop说唱,说唱,Pop,Rap,freestyle
音乐	摇滚	摇滚,Metallica,ROCK,中国摇滚,摇滚乐队,摇滚live,搖滾,摇滚乐,rock
音乐	电音	电音,remix,電音,电音,电音节,trance,trance remix,chinese dj remix,抖音神曲2019remix,kpop remix
音乐	r&b	r&b,Usher,Chinese R&B,Taiwan R&B,Ｒ＆Ｂ
音乐	古风音乐	古风音乐,古風,琵琶,笛子,古箏,二胡,中国风音乐,中国风歌曲,古风曲,国风音乐,中国风乐器
音乐	蹦迪DJ	蹦迪DJ,DJ,慢摇串烧,中文舞曲,夜店,中文慢搖,慢摇,dj,慢搖
音乐	音乐教学	音乐教学,流行歌曲钢琴简谱,吉他教學,歌唱教学,作曲教学,学打鼓,學打鼓
音乐	热门音乐	"热门音乐,周杰伦,bts,說好不哭,薛之谦,kpop
,杨丞琳,最流行 最火的歌,周董,米津玄師,K-pop,popular,AKB48,邓紫棋,热门音乐,周興哲,新歌,乃木坂46,莫文蔚,周杰倫,流行音樂,毛不易,林俊傑,鄧紫棋,music bank,林宥嘉,张含韵,KPOP,台語新歌,K-POP
,王嘉尔,袁娅维,RADWIMPS,田馥甄,华晨宇,EXO,林俊杰,抖音歌曲,Jay,BTS,五月天,陳奕迅,chinese music,acoustic,演奏してみた,cpop,蔡依林,萧敬腾,케이팝,twice,张靓颖,王力宏,blackpink,트와이스,pop music,黄龄,防彈少年團,방탄소년단,背景音樂,新曲,馮提莫,蘇打綠,楊宗緯,抖音音乐,Acoustic,Sony Music Entertainment,神曲,楊丞琳,BGM,蔡健雅"
音乐	民谣	民谣,folk,folk music,Folk,folk song,民谣吉他,校园民谣
音乐	纯音乐	纯音乐,ピアノ,piano,sleep music,小提琴,純音樂,作業用BGM,心靈音樂,輕音樂,鋼琴,钢琴曲,安靜音樂,piano music,piano cover,獨奏,アコースティック,睡眠音樂,relaxing music,钢琴,放松音乐,放鬆音樂,冥想音樂,钢琴音乐,轻音乐,saxophone
音乐	雷鬼	雷鬼,reggae,reggaeton,REGGAE,Reggaeton
音乐	经典老歌	"经典老歌,經典老歌國語,难忘经典老歌100首,经典老歌500首,一人一首成名曲,粤语精选,台語老歌,好听的80年代90年代经典老歌试听 九酷,单身情歌,经典老歌,鄧麗君,老歌,经典老歌500首大全,老歌经典大全,90年代经典老歌尽在 经典老歌500首,oldies chinese songs,心太軟,粤语经典歌曲,hokkien songs,经典歌曲大全,金曲,沒有你陪伴真的好孤單,老歌尽在 经典老歌500首,陳淑樺,经典老歌500首网,一剪梅,台語經典老歌,經典歌曲排行榜,经典老歌真情华语乐坛经典典藏金曲,黄大炜,漫步人生路,好听的粤语经典老,经典老歌 经典老歌500首,chinese old song,粤语金曲,好听的经典歌曲500首排行榜,國語90年代金曲,一人一首成名曲50首國語懷舊經典金曲,70 80
  90年代经典老歌,100年代经典老歌大全,中學時期的經典廣東歌,80 ~ 90年代经典老歌,我愛你勝過你愛我,メドレー,最经典歌曲排行榜,張惠妹,好优美的老歌回忆回味 chinese old songs,taiwanese oldies songs,old chinese song,經典中文歌曲,老歌的回忆,70、80、90年代经典老歌尽在,70-80年代国语歌曲,1990s chinese pop songs,90年代经典老歌尽在,人生何處不相逢,廣東歌,懐メロ"
音乐	台语歌	"台语歌,台語歌,taiwanese
  songs,夭寿好听的台语歌,taiwanese classic songs,100首台湾台语闽南语老歌精选,闽南语歌曲100首"
音乐	情歌	情歌,情歌,50首特選最佳抒情歌,華語流行串燒精選抒情歌曲,華語流行串燒精選抒情歌曲 2020最新歌曲,3小時50首特選最佳抒情歌,精選20首抒情歌,華語流行串燒精選抒情歌曲 2020最新歌曲
音乐	欧美音乐	欧美音乐,lady gaga,Lady Gaga,billboard,billboard hot 100,Taylor Swift,欧美流行音乐排行榜,百年经典欧美金曲
时尚	美妆	"美妆,makeup,美妆博主,化妆教程,仿妝,化妝,化妆,makeup tips,化妝品,妆容,眼影,데일리룩,彩妆,new makeup,仿妆,コスメ,日常妆,di'zhuagn,眼妆,sephora,遮瑕,メイク,试色,妝容,口红,makeup tutorial,彩妝,メイキング,粉底,日常妝,口红试色,MAKEUP,腮紅,化妝教學,美妝博主,日常妆容,化妆品,試色,睫毛膏,唇釉,化妆贴士,easy makeup,ysl,美妆达人,eyeliner,化妝技巧,美妆教程,化妆技巧,Makeup Tutorial,everyday makeup,makeup
  artist,化粧,粉底液,화장,修容,眼線,make up,腮红,眼妝,口紅,唇膏,daily
  makeup,开架彩妆,lipstick,丝芙兰,kbeauty
,drugstore makeup,眉毛,eyeshadow"
时尚	护肤	"护肤,skincare,護膚
,购物分享,护肤品,保养,美白,購物分享,面膜,抗老,護膚品,뷰티,防晒,skincare routine,痘痘,保濕,敏感肌,アンチエイジング,スキンケア,skin care,trucos de belliza"
时尚	穿搭	穿搭,レース,clothing haul,服饰搭配,패션유튜버,dress,購物分享,时尚穿搭,穿搭分享,秋冬穿搭,zara,clothing,包包分享,outfits,服装搭配,型男,코디,包包,streetwear,패션하울,mens fashion,搭配
时尚	美发	美发,发型,haircut,hairstyle,发型教程,頭髮,美髮,hair tutorial,hair,easy hairstyles,hair style girl,染髮,hairstyles,髪型
时尚	医美	医美,美容,假体,美容室,整容,醫美,整形
时尚	潮牌	潮牌,gucci,supreme,yeezy,off-white,stussy
时尚	球鞋开箱	球鞋开箱,shoe,球鞋,sneaker,yeezy,nike pg 4,sneakers,Nike Air Force 1s
时尚	饰品	饰品,鑽石,珍珠,戒指,水晶,饰品,首饰
时尚	T台秀	T台秀,Fashion Show,Bikini Fashion Show,巴黎时装周,Runway Show,维密,Haute Couture,时装周
时尚	腕表	腕表,手表,手錶,绿水鬼,劳力士,劳力士降价,瑞士錶
时尚	国潮	国潮,李宁
时尚	街拍	街拍,Street Style,street style,Street Fashion,日本街拍,时尚街拍,潮流街拍
时尚	美甲	美甲,美甲教程,美甲技巧,Pat's Nails 美甲,diy nails,sculptured nails,DIY Nails,指彩,美甲教学,指甲,指甲彩绘,指甲油
时尚	玉石	玉石,缅甸翡翠,翡翠戒指,翡翠手镯,翡翠原石,琥珀,翡翠直播,緬甸翡翠,翡翠代购,赌石
时尚	宝石	宝石,寶石,珠寶,珠宝,红宝石,缅甸红宝石,蓝宝石
美食	美食测评	美食测评,詹姆士的厨房,试吃,吃货,密子君,必吃,台北美食,台南美食,美食评测,美食侦探,foodie,ランチ,試食,food review,美食測評,口感,試吃,台中美食,美食圈,EATING SHOW,steak,mukbang korean,Tasty,吃貨,eating show,新疆美食
美食	美食教程	"美食教程,cooking,recipe,食譜
,私房菜,做菜,家常菜,cook,菜譜,kitchen tips,美食教程,烹饪,菜谱,做法,best recipes,ingredients,煎,厨娘,美食制作,easy recipes,簡易食譜,心靈舒果,easy recipe,煮食,料理制作,クッキング,美食教学,cooking tutorial,中國菜,美食作家王刚,Cook,炒菜,食譜教學,中國美食,простой рецепт,delicious
  recipes,cooking hacks,рецепты,家常菜譜,烹饪技巧,食材,烹飪,大师的菜,食谱,阿基師,暖暖的味道BTV,辣椒,懶人料理,spicy,学做菜,美食作家,家常做法,滇西小哥,liziqi,家常美食,cooking tips,廚藝,烹饪技巧,как приготовить,レシピ"
美食	美食纪录片	美食纪录片,舌尖上的中国,Food (TV Genre),饮食文化,美食家,美食節目,旅游美食类综艺,美食节目
美食	创意料理	创意料理,料理,中國料理,创意料理,家庭料理,素食料理,家常料理,創意料理,中華料理,黑暗料理,簡単料理,中华料理,料理教學
美食	美食猎奇	美食猎奇,印度美食,吃冰,魔力美食,花样美食挑战,創意美食
美食	饮品	饮品,珍珠奶茶,豆浆,drink,coffee,飲料,奶茶,tea,牛奶,雪碧
美食	吃播	吃播,大胃王挑戰,eatingshow,木下,余多多,大胃王,먹방,eating sound,大胃,抖音大胃王,eating sounds
美食	探店	探店,美食 探店,盗月社,一隻阿圓,美食探店,餐廳,海底捞,美食台,美食偵探,美食試吃,探店美食
美食	野食	野食,野餐,Ms Dianx,戶外美食,ソロキャンプ,野炊,山间美食
美食	烘焙	"烘焙,烘焙,dessert,吐司,パン,sandwich,how to
  bake,cake recipes,面包,cupcakes,パティシエ,烘培,甜品,cookie,餅乾,cakes,麵包"
美食	零食	零食,汉堡,Snacks,Chinese snacks,pancake,healthy snacks,snacks,street snacks,taiwan snacks
美食	厨具	厨具,氣炸鍋,空气炸锅,飞利浦空气炸锅,氣炸烤箱,fissler,WMF
美食	小吃	小吃,snack,中国小吃,煎饼,餃子,street food,おやつ,korean street food,食玩,生煎包,臭豆腐,snacks,拉面,Street Food,小食
美食	米其林	米其林,Michelin,michelin,Michelin-starred,michelin star,MICHELIN,michelin restaurant,michelin star restaurant,michelin star restaurants
美食	咖啡	咖啡,cafe,星巴克,咖啡廳,ハンドメイド,咖啡测评,手沖咖啡,精品咖啡,咖啡拉花,咖啡教學,黑咖啡,咖啡萃取,咖啡拉花教學
美食	美酒	美酒,Vintage,威士忌,#威士忌,日本威士忌,鸡尾酒,Cocktail,Cocktails YouTube,Whisky,#Whisky,Whisky
美食	茶艺	茶艺,tea,tea ceremony,Japanese Tea Ceremony,茶飲,普洱茶,紅茶,綠茶,春茶,茶道
美食	乡村美食	乡村美食,village cooking,野菜,農村美食,village food,鄉間美食,农村美食,种菜,乡间美食,鄉村美食,田園美食,农家美食
美食	健康饮食	健康饮食,healthy recipes,salad,素菜,營養師,健康飲食
美食	日本料理	日本料理,和食,日本料理,刺身,壽司,寿司,japanese food
美食	港式料理	港式料理,香港美食,煎堆,港式西多士,西多士,萝卜糕,茶餐厅
美食	川菜	川菜,四川菜,川菜大师,川菜料理,四川美食,成都美食
美食	甜品	"甜品,甜点,chocolate,巧克力,甜點,お菓子,cake recipe,cheese,ice cream,desserts,年糕,抹茶,点心,cake decorating,cake
  ideas,Cake,ケーキ,dessert
  recipes,冰淇淋,デザート,chocolate cake,芝士"
生活	生活技巧	生活技巧,收纳,水溜りボンド,how to make,life hacks,ideas en 5 minutos,生活百科,How to make,輕鬆生活黑客,life hack,妙招
生活	手工	"手工,diy,diy,手工課,无硼砂,制作教程,diy activities,手工制作,做泥,diy項目,handmade,水晶泥,趣味手工,摺紙,屎萊姆,手工DIY,diy ideas,sculpting,home made,5分鐘diy,手工diy,手工教程,编绳,diy活動,diy projects,折り紙,diy room
  decor,Handmade,paper craft,起泡胶,折纸,無硼砂,슬라임,nails,origami"
生活	生活vlog	"生活vlog,生活记录,尼克,日常生活,田园生活,一人暮らし,日常vlog,vlogs,life in china,斷捨離,daily vlog,routine,美国生活,生活紀錄,羅賓,咪妃,蔡哥,30天vlog挑战,일상,暑期爆肝挑战,family
  vlog,vlogmas,打工度假,Joeman,joeman,VLOG日常,おうち時間,vlogger,日本生活"
生活	园艺	园艺,flower,盆栽,种植技术,ガーデニング,水草,花卉,多肉植物
生活	三农	三农,农村视频,鄉村,农人,农业,三農,Agriculture,农民
生活	家居	家居,minimalism,home decor,家具,furnishing,furniture
生活	婚礼	婚礼,結婚式,婚禮,新婚,wedding,婚纱,婚禮攝影
生活	装修	"装修,minimalism,室內設計,家づくり,裝潢,interior
  design,room
  decor,リノベーション"
生活	豪宅	豪宅,美国豪宅,住宅,house tour,townhouse,luxury apartment
生活	野外生存	"野外生存,野外生存,野營,wilderness,build,野餐,キャンプ,荒野求生,survival
  skills,bushcraft,野外,wildlife,Survival,露营"
生活	手帐	手帐,手帐,手帳,手帐排版,手帐本,手帐拼贴,手帐推荐
生活	赶海	赶海,趕海,抓鱼,Seafood,渔网,小章赶海,赶海 老4,赶海抓螃蟹,兄弟赶海
生活	农家生活	农家生活,农村生活,農村日常,田园生活,village life,田舎暮らし,乡村生活
生活	摄影	摄影,镜头,photography for beginners,攝影,photography,drone,摄像,拍照,time lapse,攝影教學,自拍,拍片,グラビア,鏡頭,修图,photography tips,photography tricks,Photography
生活	购物	购物,shopping,購物,购物,打折,Shopping
生活	纹身	纹身,tattoo,鈫裑,火焰纹章,tattoo tour,tattoos,tattoo girl,Just Tattoo Of Us
生活	脏辫	脏辫,crochet braids,hairstyles for braids,braids,braids hairstyles,french braids
生活	钓鱼	钓鱼,釣り,エギング,fishing,釣魚,Fisherman,垂釣,捕鱼,船釣,溪釣,海釣,磯釣,釣蝦,Fishing,渔船
生活	海外生活	海外生活,海外生活,life in japan,life in Germany,life in shenzhen,life in tokyo,life in China,life in korea,life in korea,life in Australia
生活	基建	基建,highway,港珠澳大桥,大桥建设,跨海大桥,隧道,高铁
生活	娃娃机教学	娃娃机教学,夾娃娃,娃娃機,UFOキャッチャー,crane machine
才艺	特效	特效,sokrispymedia,VFX,vfx breakdowns,samwickert,技能特效
才艺	平衡术	平衡术,平衡力,平衡车项目,平衡
才艺	多米诺骨牌	多米诺骨牌,dominoes,dominoes falling,骨牌,domino effect,domino tricks
才艺	魔方	魔方,魔方還原教程,魔方速解,rubik's cube,how to solve a rubik's cube,Rubik's Cube
才艺	转笔	转笔
才艺	发明	发明,発明,発明家,invention,awesome inventions,hacksmith,thehacksmith,colinfurze,mark rober
才艺	手艺	手艺,como fazer,craft ideas,woodworking,craft,手工藝,工藝,sculpting,手工艺,匠人,工藝,crafts,homemade
才艺	绘画	绘画,Drawing,painting,水彩,插畫,水彩画,美術,繪畫,draw,塗装,繪圖,drawing,paint,画画,描き方,手绘,how to draw,塗装
才艺	沙画	沙画,Sand painting,沙画表演,沙画婚礼
健康	养生	养生,大医本草堂MX,安眠,食療,養生,マッサージ,保養品,穴位,排毒,中医,養身,养生堂BTV,我是大医生BTV,健康2.0,健康兩點靈,按摩,中醫,助眠,保養,长寿
健康	两性健康	两性健康,情慾,丁丁,两性知识,两性问题,sexuality
健康	心理健康	心理健康,心理測驗,mental health,mental health awareness,mental illness,抑郁症,help with depression
健康	疾病	疾病,insomnia,生病,江坤俊,drugstore,health,健康2點靈,治療,便秘,糖尿病,頭痛,手術,肺炎,LMS,acne,肩こり,免疫力,acne,医生开讲,医生,癒し,高血壓
健康	癌症	癌症,抗癌,癌,乳癌,肝癌,肺癌,大腸癌,胃癌,胰臟癌,防癌,淋巴癌,血癌,防癌,cancer
健康	艾滋病	艾滋病,AIDS,HIV,hiv
健康	超级病毒	超级病毒,SARS,新冠,新冠状病毒,COVID,Covid-19,埃博拉
健康	牙科	牙科,歯医者,歯科,dental,牙醫,牙周病,植牙,牙齿美白,隱形牙套
健康	肩颈腰椎	肩颈腰椎,腰痛,リハビリ,腰酸背痛,腰痛改善,颈椎病,驼背
萌宠	狗狗	狗狗,강아지,dog,柴犬,子犬,狗狗,柯基,犬,poodle,狗,汪星人,puppy,鏟屎官,dogs,哈士奇,shiba inu,愛犬,流浪狗,puppies,shiba,funny dogs,funny dog,小型犬,トイプードル,金毛,比熊,小狗,dog videos,cute dogs,shibainu,husky,狐狸犬
萌宠	猫咪	猫咪,cat,貓,子猫,貓樂園,kitty,猫咪,短毛貓,gato,Cat,貓咪,kitten,野良猫,黃阿瑪,キジトラ,貓奴,橘貓,黒猫,貓叫聲,貓日常,保護猫,ねこ,funny cats,cat videos,cats,喵星人,流浪貓,貓貓,小貓,funny cat,meow,CAT,貓日記,猫,Kucing,cute cats,Workout,小奶猫,貓星人,고양이,gatto,三毛猫,マンチカン,遛猫
萌宠	仓鼠	仓鼠,ハムスター,小仓鼠, 仓鼠, 仓鼠怎么养, 仓鼠人, 仓鼠吃什么, 可爱的仓鼠人
萌宠	观赏鱼	观赏鱼,金魚,热帯鱼,热带鱼,小金鱼,龙鱼喂食,亚州龙鱼,分享养龙鱼
萌宠	鸟类	鸟类,bird,鳥,小鸟,玩鸟,啄木鸟,鸟类,八哥鸟,野生八哥鸟,养鸟日常,养鸟,养鸟技巧
萌宠	爬行动物	爬行动物,蜥蜴,乌龟,爱乌龟,tortoise,カメ,鳄鱼
萌宠	宠物用品	宠物用品,宠物零食,宠物美容,猫砂盆,猫砂,狗狗鮮食,狗狗玩具,狗狗零食,狗狗 創可貼
星座命理	玄学	玄学,財運,算命,占卜,塔羅,塔羅牌,運勢,算卦,タロット占い,塔羅占卜,九星,奇门,八字教学
星座命理	命理	命理,命理,財運,算命,占卜,愛情占卜,八字,運勢,預言,命运,占星,八字教学,大运,命理知识
星座命理	星座	星座,唐立淇,双子座,財運,雙子座,星座,射手座,水瓶座,天秤座,巨蟹座,天蠍座,双子,天蝎座,牡羊座,雙魚座,处女座,處女座,12星座,十二星座,狮子座,白羊座,星座運勢,唐綺陽,獅子座,摩羯座,金牛座,星座配对
星座命理	生肖	生肖,十二生肖,属相,生肖星座2020,鼠年十二生肖,龍震天生肖運程,生肖猴,生肖鼠,生肖蛇,生肖羊,生肖牛,生肖運程,生肖運勢,鼠年十二生肖
星座命理	风水	风水,風水,运程,命理知识,阳宅,事业运,偏财,紫微,大运,阳宅,奇门
健身	健身计划	"健身计划,how to lose weight,瘦身,減脂,增肌,fitness,bodybuilding,腹肌,morning routine,減肥,workout,weight loss,肌肉,减脂,cardio,lose weight,Muscle,肌肉男,fat loss,瘦身塑形,消脂,增肌減脂,有氧,fitness
  motivation,健力,塑形,重訓,muscle,健美,瘦腰,ejercicios
  en casa,Fitness,burn fat,瘦腿,馬甲線,booty,다이어트,Bodybuilding,美腿,at home workout,翹臀,減重,重量訓練,健身房"
健身	健身技巧	健身技巧,ストレッチ,build muscle,重訓,胸肌,深蹲,训练,重量訓練,full body workout,跑步,no equipment workout,Bodybuilding
健身	健身器材	健身器材,Gym,卧推,健力,卧举,蹲举,体雕机,硬举
健身	健身食谱	"健身食谱,減肥餐,健康饮食
,低卡,meal prep,减脂餐"
健身	瑜伽	瑜伽,yoga,瑜伽减肥教,瑜伽减肥教程,瑜伽動作,安娜瑜伽館,孕婦瑜伽,瘦身瑜伽
健身	普拉提	普拉提,蝴蝶袖,川字线,瘦身塑形,瘦身,燃脂,瘦小腹,塑形
健身	太极拳	太极拳,太極拳,太極,太極音樂,武術太極拳,陳氏太極拳,太極劍,太極推手,太極刀,楊式太極,熊式太極
健身	健身操	健身操,calisthenics,健身操,bodybuilder,燃脂,有氧运动
健身	肩部训练	肩部训练,肩部訓練,三角肌,斜方肌,肩胛骨,練肩膀,肩膀訓練
健身	瘦手臂	瘦手臂,三头肌,快速瘦手臂,二头肌,瘦手臂操,手臂訓練,減手臂操加強版
情感	相亲节目	相亲节目,孟佳,非常完美,完美邂逅,相亲才会赢,中国新相亲,中国新相亲 看点,中国新相亲 张国立,中国新相亲 花絮,中国新相亲第三季 收官
情感	情感调解	情感调解,第三调解室2018,離婚,講解,情感咨询,金牌调解,涂磊
情感	医疗纪实	医疗纪实,生命缘BTV,生命缘btv,医疗剧,医疗纪录片
情感	两性关系	两性关系,恋愛,婚外情,約會,渣女,暗恋,初恋,PUA,兩性關係,出轨,外遇,夫妻情分,夫妻情感,感情問題,男友,女友,渣男,理科太太,談戀愛,追女生,婚姻,搭讪,dating advice,撩妹攻略,撩妹教學,泡妹技術,同居,相亲,约会,劈腿,婆媳,暗戀,女朋友,爱情,男朋友,告白,愛情,感情,交友,戀情,dating,把妹,單戀,搭訕,デート
情感	励志鸡汤	励志鸡汤,勵志,心靈雞湯,心靈小語,motivational video,心靈語坊,陳玉珠
情感	单身主义	单身主义,脫單
母婴	萌娃	萌娃,萌宝,萌娃才藝秀,萌宝,家有萌宝,Cute baby,cute baby videos funny,cute baby videos,Cute baby
母婴	怀孕	怀孕,孕婦,pregnancy,孕妇,Pregnant,im pregnant,being pregnant
母婴	育儿	育儿,育儿经验,育儿大师,育儿,子育て,科学育儿,育兒,育児,超级育儿师,育儿专家说
母婴	备孕	备孕,being pregnant, 孕期,胎動, 新手妈妈, 孕妈
母婴	孕期	孕期,孕婦,妊娠, 孕产, 新手妈妈, 孕妈,胎兒,母婴用品
母婴	胎教	胎教,胎教音樂,胎教音乐,胎教儿歌,胎内教育
母婴	产后护理	产后护理, 亲餵,产后瘦身运动操, 新手妈妈,产后修复,产后抑郁,产后瘦身,产后恢复
母婴	母婴用品	母婴用品, 育婴,尿布,布尿布,紙尿布,换尿布,婴儿床
体育	潜水	潜水,diving,潛水,scuba diving,freediving,水肺潜水,浮潜,skydiving,Skydiving,Freediving,cliff diving,cave diving
体育	游泳	游泳,swimming,游泳,游泳教學,學游泳,Swimwear,adult swim,underwater swimming,Swimsuit
体育	赛车	赛车,drag racing,racing,赛车,賽車,F1,DTM,GP,Formula One
体育	羽毛球	羽毛球,林丹 羽毛球,林丹 李宗伟,李宗伟,badminton techniques,badminton smash,badminton training
体育	篮球	篮球,nba,籃球,competition,nba espn,nba 2020,basketball,lebron james,nba news,バスケ,espn nba
体育	足球	足球,football,Futebol,Messi,juventus,Futbol,champions league,neymar,Barcelona,ronaldo,la liga,soccer,サッカー,Suarez,Ronaldo,cr7,Lionel Messi,Cristiano,chelsea,bundesliga,messi skills,premier league,World Cup,manchester united,football skillsFútbol,中超,Neymar,Liverpool,Zidane,Chelsea,Arsenal,highlight,Cristiano Ronaldo,Ronaldinho,FC Barcelona,lionel messi,Juventus,futbol,Manchester United,足球,Champions League,messi,cristiano ronaldo,Messi,Manchester City,liverpool,FCB,fifa,barcelona
体育	乒乓球	"乒乓球,Chen Yi,ping
  pong,张继科,table tennis,table tennis tricks,table tennis match"
体育	网球	网球,Tennis,tennis,us open tennis,tennis highlights,tennis videos,Tennis TV
体育	排球	排球,排球少年,中国女排,女排,中國女排,Volleyball World,womens Volleyball,women’s volleyball
体育	台球	台球,イケボ,billiards,Billiards,斯诺克,撞球,桌球
体育	高尔夫球	高尔夫球,Golf,PGA,Golf lessons,how to play golf,Golf Tips
体育	橄榄球	橄榄球,All Blacks,Rugby Union,New Zealand Rugby,rugby world cup,RUGBY
体育	冰上运动	冰上运动,ski,NHL,nhl highlights,NHL Return to Play,CNHL,NHL,冰上曲棍球, Playoffs,nhl,nhl playoffs
体育	田径	田径,馬拉松,freerunning,短跑,跳高,刘翔
体育	动物竞技	动物竞技,競馬,競馬予想,斗牛,斗鸡,斗狗
体育	极限运动	极限运动,Parkour,skateboarding,gopro,特技,extreme sports,trick shots,drift,action sports,mountain bike,stunt
体育	格斗	格斗,館長,wwe,wrestling,mma,格鬥,那須川天心,ボクシング,朝仓未来,ufc,world wrestling entertainment,कुश्ती,MMA,डब्लू डब्लू ई,व्यावसायिक कुश्ती,पहलवान,wwe 2020,wrestler,wrestle,UFC,格闘技,ultimate fighting championship
体育	大力士	大力士,SBD,SBD Taiwan,ROV Hercules,Hercules,hercules
体育	棒球	棒球,プロ野球,ジャイアンツ,baseball,ホームラン,キャッチャー,MLB,野球
体育	柔道	柔道,国際柔道,全日本選抜柔道,世界柔道選手権大会,judo,JUDO,judoka,judo highlights
体育	武术	武术,武道,martial arts,samurai,武術,mixed martial arts
体育	滑雪	滑雪,snowboard,单板滑雪,自由式滑雪,滑雪教學,滑雪技巧,Snowboarding,red bull snowboarding,Japansnowboarding
体育	德州扑克	德州扑克,德州扑克教学,德州扑克教程,德州扑克讲解,德州扑克视频,德州扑克入门,德州扑克解说
体育	中国象棋	中国象棋,象棋,象棋残局,象棋教学,象棋解说,街头象棋,象棋骗局,大师教你学象棋,公园象棋,Chinese chess,Chinese chess master
体育	国际象棋	国际象棋,國際象棋比賽,國際象棋,chess
体育	NBA	NBA,nba 2020,nba espn,nba espn,nba 2020,nba on espn,nba bubble,nba highlights,nba playoffs,詹姆斯,科比
体育	相扑	相扑,Sumo,sumo,sumo deadlift,相撲,相撲硬舉,腕相撲,大相撲
旅行	美景	"美景,
美景,空撮,空拍,田园风光,航拍中國,Aerial photography"
旅行	探险	探险,アウトドア,廃墟,世界遺産,奇妙之旅BTV,adventure,探險
旅行	旅游攻略	旅游攻略,民宿,ホテル,懶人包,酒店,旅館,住宿,穷游
旅行	穷游	穷游,穷游,背包客,一人旅,窮遊,穷游情侣
旅行	自驾游	自驾游,road trip,房车旅行,車中泊,自驾,自駕遊,公路旅行,キャンピングカー
旅行	旅行VLOG	"旅行VLOG,旅行日记,住宿,背包客,travel vlog,游记,中国旅行,韓國旅遊,海外旅行,休旅車,环球旅行,旅行vlog,一日遊,여행,环游中国,我住在這裡的理由,台灣旅遊,我住在这里的原因,竹内亮,travel
  vlogger,侣行,旅拍,溫泉"
旅行	航拍	航拍,空撮,空拍,航拍中國,航拍機,Aerial photography,空拍中国
旅行	民宿	民宿,日本民宿,花蓮民宿,宜蘭民宿,墾丁民宿,Homestay,背包客栈
旅行	游艇	游艇,yacht,life on a yacht,super yachts,YACHT,day in the life of yacht crew
旅行	日本行	日本行,日本民宿,东京旅游,japan travel,日本自由行,日本旅行,walking japan
旅行	韩国行	韩国行,韩国必去,韓国旅行,韩国旅游,首尔旅游,Korea travel
旅行	泰国行	泰国行,曼谷自由行,曼谷酒店,曼谷旅遊,曼谷之旅,泰国旅游,thailand travel
旅行	台湾行	台湾行,台灣旅行,墾丁景點,花蓮民宿,台灣景點,台湾旅行,墾丁民宿,台湾夜市,台北旅行
旅行	瑞士行	瑞士行,瑞士深度遊,瑞士自由行,瑞士必買,瑞士必食,瑞士旅遊
旅行	越南行	越南行,越南自由行,越南旅遊,越南行程,越南旅行,vietnam travel,Vietnam travel
旅行	新西兰行	新西兰行,新西兰旅游攻略,新西兰旅行,新西兰旅游,New Zealand tours,new zealand travel
科技科普	科普	科普,科普中国MX,科学,科學,DNA,UFC,科教,BrightSide China,Bright Side Taiwan,Bright Side Hong Kong,Bright Side Chinese,趣味科普,啾啾鞋,未解之谜,Science,趣味科普人文,李永乐老师,冷知識,百科,science education,science,science projects,proyectos faciles
科技科普	前沿科技	前沿科技,科学历程MX,ai,人工智能,機器人,AI,vr,黑科技,VR,5G,机器人,3d,5g,AGT,robot
科技科普	天文	天文,外星人,木星,UFO,天文,水星,宇宙,恒星,mars,海王星,冥王星,霍金,et,行星,ufo,金星,月球,火星,黑洞,太空,NASA,土星,nasa,astronomy,Astronomy (Field Of Study)
科技科普	地理	地理,经典人文地理MX,地理知識,中國地理,地理中国,geography,geography now,Geography facts,geography class
科技科普	动物	"动物,熊猫MX,mustang
,兔子,funny animal,アニマル,獅子,野生動物,老虎,狼,野生动物,大猩猩,熊猫,水母,昆虫,pig,熊,熊猫奇缘,動物,panda,shark,Animal,animals,orangutan"
科技科普	植物	植物,含羞草,Succulent Plant,Roof planting,Vetplant,House Plants
数码	数码资讯	数码资讯,台積電,数码圈,数码视讯,科技数码,数码兽
数码	智能电视	智能电视,小米盒子,电视盒子,索尼电视,小米电视,华为电视
数码	手机	手机,iPhone,smartphone,手機,スマホ,android,アプリ,samsung,mobile,Android,iphone 11,iOS,iphone,安卓
数码	电脑	电脑,ipad,联想电脑,computer,電腦,组装电脑,性价比电脑
数码	穿戴设备	穿戴设备,耳機,手环,智能手表,智能手环,小米手环,蓝牙耳机
数码	相机	相机,镜头,camera,カメラ,相機,运动相机,单反相机,相机镜头
数码	无人机	无人机,drone,ドローン,Drone,DJI,大疆
财经	财经资讯	财经资讯,马云,腾讯,跨境电商,美联储,美国经济,amazon,互联网,财经分析,网易,做空,Amazon,阿里巴巴,搜狐,Google,Facebook
财经	品牌故事	品牌故事,品牌歷史,十万个品牌故事,品牌历史,品牌形象,品牌定位, 企业故事, 企业历史,百强企业
财经	财经知识	财经知识,吉胖子,巫师财经,财经冷眼,蒙面财经,狮子座财经,新浪财经
财经	基金	基金,指數基金,指数基金,SCP基金會,國安基金,基金投資
财经	保险	保险,保險,医疗保险,五险一金,人寿保险,保险投资,失业保险 公共福利,养老保险,保险行业,失业保险 华人
财经	比特币	"比特币,比特币,bitcoin
,虚拟货币,数字货币,比特幣,区块链,虛擬貨幣,以太坊,加密貨幣,btc,BTC,區塊鏈,货币,加密货币"
财经	房地产	房地产,房价,房地产,房产纠纷,学区房,楼市,买房,房地產,房产,美国房地产,real estate,美国买房,注文住宅,樓市,美国房产,買房,房子,洛杉矶买房
财经	股票	股票,纳斯达克,美股,バイナリーオプション,大盘,股市,標普500指數,股票教學,台股,美股分析,中國股市,股票投資,美股崩盘,美股投資,股票投资,牛市,stock,美股空头,美股大盤,美国股市大盘,期权,港股,股市分析,炒股,stock market,纳斯达克指数,投资理财,美國股市,ETF,存股,美股空头,美股大盘,做空美股,熊市,道琼斯指数,A股,股票入门,道琼斯,美国股市大盘,股票分析,割韭菜,美国股市
财经	赚钱	"赚钱,youtube
  賺錢,副業,网络赚钱,赚钱方法,網路賺錢,youtube賺錢,instagram賺錢,網路創業
,instagram赚钱,make money,在家赚钱,网赚美金,網賺,youtuber 賺錢,网赚,网上赚钱,网赚项目,油管赚钱,赚钱项目,網絡賺錢,make money online,怎么赚钱,如何赚钱,网络赚钱项目,電子商務,怎么赚钱,youtube赚钱,賺錢,passive income,学习赚钱"
财经	投资	投资,被動收入,投資理財,我要做富翁,被动收入,資産運用,投資新手,投資教學,財務自由,理財,investing,債券,美股投资,how to invest,投資家,investment,株式投資,价值投资,價值投資,投资入门,投資,不動産,美国投资,财务自由,学习投资理财
财经	外汇	外汇,外匯保證金,外匯,美元,外汇交易,外汇保证金,外汇交易平台,外汇技术,外汇投资,外汇交易策略
财经	宏观经济	宏观经济,金融,finance,Gig Economy,chinese economy,经济衰退,经济周期,实体经济,经济危机 资产保值,全球经济
财经	行销	行销,網路行銷,联盟行销,聯盟行銷,行銷,社交媒体行销,网络行销,亚马逊联盟行销,部落格行销
财经	经济危机	经济危机,金融危機,金融危机,中美贸易战,金融危机创业,经济危机2020,美国经济危机2020,黄金期货
财经	海外置业	海外置业,洛杉矶买房,美国买房,尔湾买房,美国买房注意事项,休斯顿买房,Connie带你美国投资买房,加州买房,奥兰多买房,洛杉矶买房攻略,得克萨斯州买房,东京买房,日本买房,澳洲买房,美国投资买房,泰国买房,加拿大买房,西雅图买房,曼谷买房,新加坡买房,德国买房
财经	期货	期货,期貨,原油,期货交易,比特币期货,股指期货,原油期货,期货损耗,期货投机,币圈期货合约,外汇美股期货
汽车	汽车评测	"汽车评测,萝卜报告,賓士,汽车之家,トヨタ,jdm,车评,audi,jyp,chevy,Mercedes-Benz,TOYOTA,audi,porsche,跑車
,Porsche,日系,volkswagen,丰田,汽车测评,Ferrari,offroad,carwow,国产车,朱嘉偉,car review,Ford,宝马,mclaren,美系车,truck,Coaster,Mazda,Estate,外匯車,Lamborghini,Tesla,test drive,逗斗车,房車,三菱,试车,トヨタ,大家车言论,Audi"
汽车	修车保养	修车保养,洗車,维修保养,汽车保养,汽车维修,汽车修理,4s店
汽车	二手车	二手车,中古車,李老鼠,李老鼠说车,二手車,旧車
汽车	摩托车	摩托车,檔車,モトブログ,ducati,moto,機車,オートバイ,バイク,motor trend,摩托車,YAMAHA,yamaha,motovlog,Honda,motorcycle
汽车	汽车改装	汽车改装,改裝,改装车,tavarish,汽车改色,顶级汽车改装
汽车	汽车知识	汽车知识,汽车知识,汽车文化,汽車知識,汽车配置,汽车论坛,汽车世界,汽车制造,汽车课堂
汽车	汽车资讯	"汽车资讯,汽車資訊,地球黃金線,top gear,car news,car news
  central"
汽车	汽车展	"汽车展,车模,广州车展,成都车展,上海车展,chicago
  auto show 2020"
汽车	自行车	自行车,單車,bike,biking,自転車旅,自転車競技
汽车	新能源汽车	新能源汽车,特斯拉,tesla,electric car,蔚来,自動車
汽车	试驾	试驾,试驾,新車試駕,試車,試駕,試乗
汽车	豪车	"豪车,doug demuro,lamborghini,超跑,保时捷,porsche,跑車
,Porsche,ferrari,mercedes,スポーツカー,Ferrari,McLaren,bugatti,supercarsmclarenbenz跑车Lamborghini法拉利BMW,supercars,mclaren,benz,跑车,Lamborghini,法拉利,法拉利"
军事	军事解说	军事解说,国防,CCTV軍事,张召忠,军事频道,央視軍事,軍事頻道,解放军,军事视频,咪咕军事,軍人,中国军事,CCTV军事,军事科技,军人,CCTV7,军事解说,军事分析,军事热点,军事报道
军事	纪实	纪实,军事纪实MX,military video,軍演,military training,军事演习,实弹演习,实战演习
军事	军情	军情,军事新闻,army,軍事新聞,military operation,us military news,military news,military intelligence,国际军事
军事	武器	武器,槍械,98K,射擊,狙击手,坦克,导弹,狙击枪,AK,guns,gun,火箭,M4A1,tank,military aircraft,F22,F16,navy,us navy
学习	演讲	演讲,TED解说,TED出品,蒋勋 演讲,蒋勋2019演讲,演讲技巧,内涵演讲,马云演讲,成功学演讲,ted演讲,巴菲特演讲
学习	职场	职场,インタビュー,職場,職人,時間管理,求职,事業,職業,机器学习,深度学习,自我提升
学习	公开课	公开课,中国語講座,MOOC,投资学 公开课,北大公开课,mooc,金灿荣 公开课
学习	学科	"学科,法律讲堂,化学,物理,physics,数学,
architecture
建筑学,法律,醫學"
学习	心理学	心理学,情商,吸引力法則,心理学技巧,心理學,超心理学,社会心理学,心理学入门,スポーツ心理学,心理学知识,犯罪 心理学,交易心理学,教育心理学
学习	K12	K12,学前教育,Kindergarten,kids education,儿童教育,preschool,preschool learning,preschoolers,Preschool learning,education for children
学习	高考	高考,2019高考应援,2020高考季,中国高考,高考加油,大学入試,#大学入試
学习	留学	留学,留学生,英國留學,日本留學,日本留学,欧洲留学,英国留学,荷兰留学,留学的真相
学习	时间管理	时间管理,time management,time management tips,時間管理方法,時間管理術,時間管理技巧,時間管理書,時間管理大師
学习	考研	考研,研究生,为什么考研,张雪峰谈考研秘籍,BOYSANDMEN研究生,硕士,读研
学习	公务员	公务员,公務員,公務員試験,国家公務員,申论行测,粉笔公考, 最终面接, 社労士
学习	学习技巧	学习技巧,study with me,学习方法,学习博主,学习计划,高效学习,学习误区,学习效率,如何学习,错误学习方法,高效率学习
学习	创业	创业,投资学 公开课,#创业,学习赚钱,网络创业,创业项目,内容创业,创业板,互联网创业,创业陷阱,网上创业,youtube创业,电商创业,创业思维,外国人 创业
学习	自媒体	自媒体,photoshop tutorial,自媒體,新媒体,自媒体创业,微博自媒体,微博自媒体,玩转自媒体,自媒体实战,自媒体变现,自媒体教程
学习	软件教学	软件教学,adobe,PS,Photoshop,photoshop,优秀软件分享,剪辑软件,免费翻墙vpn软件,手机动画制作与软件,SSR软件使用教程,procreate软件教程,python学习,office
学习	阅读	阅读,讀書心得,言情小說,閱讀,詩歌,讀書,名著,有声读物
学习	英语	"英语,英语学习初级 初级英语,英语学习,阿滴英文,英語学習,阿滴,英语单词学习,学英文,learn
  english,英语口语,学英语,英语词汇,學英文"
学习	韩语	韩语,生活韩语,学习韩语,韩语学习,韩语课堂,韩语材料,韩语自学,韩语发音,初级韩语,自学韩语,韩语入门
学习	日语	日语,看动画学日语,學日文,日语入门,日语教程,日语发音,学日语,日语会话,日语发音,自学日语,日语日常会话,日语发音基础,日语教学
学习	汉语	汉语,汉语学习,老外说汉语,中文学习视频,学习汉语,对外汉语,汉语教学,对外汉语教学示范课,美国人说汉语,会说汉语
学习	法语	法语,法语教学,法语入门,法语初级,法语口语,法语发音,法语实用口语,法语课程,法语会话,法语视频,自学法语,法语语音
历史	考古	考古,盗墓,法老,古墓,考古纪录片,Archaeology,archaeology documentary,unexplained ancient ruins,ancient cities,ancient technology
历史	历史揭秘	历史揭秘,ancient mysteries,历史之谜,百家讲坛历史冷知识,中国历史十大谜团,历史档案
历史	历史知识	历史知识,劉備,成吉思汗,中国历史,马未都,日本史,历史故事,讲历史,军机处,ancient rome,history of rome,ancient history,american history,british history,Chinesehistory
历史	历史故事	历史故事,李白,諸葛亮,成吉思汗,middle ages,曹操,歷史故事,關羽,野史,皇帝,赵云,emperor,napoleon,julius caesar,augustus
历史	历史纪录片	历史纪录片,历史纪录片推荐,history documentary,documentary history,ancient advanced civilisation,历史纪录片类,ancient cities
历史	博物馆	博物馆,british museum,Egyptian Museum,大英博物馆,世界博物馆巡礼,故宫
历史	民俗文化	民俗文化,春节,風俗,少數民族,中秋節,日本文化,christmas,Culture,Halloween,萬聖節,七夕,中华文化,风土人情,Christmas,风俗,传统节日,traditional festival,Festival in Japan - MATSURI JAPAN -,mid autumn festivalFireworks Festival
历史	中国古代	中国古代,成吉思汗,中國歷史,战国,中国历史故事,中国历史十大谜团,三国历史,清朝历史,明朝历史,夏商周历史
历史	战争	"战争,war,二战,抗日战争,戰爭
,戦争,バトル,world war 2,World War 1,First World War,second world war,iraq war"
文化	鉴宝	鉴宝,国家宝藏MX,鉴宝,华山论鉴,古董鉴定,宝石鉴定,蜜蜡鉴定
文化	艺术	艺术,布袋戲,艺术,艺术家,人文艺术,中国艺术,艺术之美,当代艺术,Artist
文化	说书	说书,评书,說書人,書評,四大名著,蒋勋 红楼梦,北京评书大会BTV
文化	匠人	匠人,工匠,皮匠,木匠,了不起的匠人,機械工匠,修補匠
文化	古董	古董,curiosidades,文物,古玩,中国文物,中國文物,清朝古董,龙泉青瓷,青铜器
文化	小说	小说,夜孤魂有声小说,斗罗大陆,恐怖惊悚 有声小说,网络小说,科幻小说,小說,有声小说,侦探小说
文化	书画	书画,诗书画最新,诗书画,中华传统书画,东方卫视诗书画
文化	书法	书法,書道,書道家,柳生書道教室,書道教室,まんてんかひめ 書道
文化	建筑	建筑,architecture design,Construction,Japanese construction craftsman,Architecture,buildings
文化	行为艺术	行为艺术,Performance Art
文化	国学	国学,孔子,孟子,中庸,华语唐诗,蒋勋唐诗宋词,蒋勋 唐诗
文化	雕塑	雕塑,sculpture,carving,wood carving,stone carving,soap carving,Fruit Carving
文化	戏剧	戏剧,drama,Drama,戲劇,话剧,舞台剧,开心麻花舞台剧,opera
文化	戏曲	戏曲,黄梅戏,京剧选段,京剧,Chinese Opera,豫剧
文化	宗教	宗教,佛法,基督,佛教,聖經,基督教,廟會,六子心世界,教會,耶穌,Religion (TV Genre),基督教與佛教,天主教,旧约,christian lifestyle,道教
少儿	儿童节目	儿童节目,nickelodeon,kids diana show,kindergarten,kid friendly,Kids shows
少儿	儿童玩具	儿童玩具,文老爹,toys,樂高,LEGO,lego,kids toys,장난감,children toys
少儿	儿童游戏	儿童游戏,kindergarten game,儿童游戏 和我一起玩玩具,益智游戏,室内亲子游戏,超好玩的室内亲子游戏,亲子游戏
少儿	儿童动画	"儿童动画,迷你世界动画片,小猪佩奇,videos for kids,佩佩豬,Cartoon,动画片,cartoons,巧虎,宝宝巴士,cartoons for kids,kids
  animation,猫動画,masha and the bear,애니메이션,маша и медведь,小豬佩奇,卡通片,あつまれどうぶつの森,卡通,cartoon,cartoon for children,Lego Movies For Children,cartoons for children"
少儿	童话故事	童话故事,兒童故事,睡前故事,children story,childrens story,stories for children
少儿	儿歌	"儿歌,nursery rhymes,baby songs,children songs,kids songs,儿童歌曲,兒歌,童谣,kid songs,canciones infantiles,兒歌童謠,kindergarten songs,toddler songs,kids
  song,童謠,寶寶巴士,songs for children,songs for kids,童謡,kindergarten songs educational kids songs,kindergarten songs kids songs,preschool songs,abc songs for children"
少儿	早教	早教,preschool,幼儿教育,儿童教育,早教,幼教,kids education,preschool learning,nursery rhymes playlist for children